condition,Submission id,Participant id,Status,Custom study tncs accepted at,Started at,Completed at,Reviewed at,Archived at,Time taken,Completion code,Total approvals,Primary language,Age,Sex,Ethnicity simplified,Country of birth,Country of residence,Nationality,Language,Student status,Employment status
answer,68f6f470788e368287cdfcdb,5563984afdf99b672b5749b6,APPROVED,Not Applicable,2025-10-21T02:48:16.513000Z,2025-10-21T03:51:43.376000Z,2025-10-28T02:53:18.225000Z,2025-10-21T03:51:43.913660Z,3807.0,CIFH4XG1,7264,English,44,Male,Mixed,United States,United States,United States,English,DATA_EXPIRED,DATA_EXPIRED
answer,68f6f4759a52a823ffd5fbde,5dd2f94a238a913096c52317,APPROVED,Not Applicable,2025-10-21T02:48:34.839000Z,2025-10-21T03:07:21.509000Z,2025-10-28T02:53:19.726000Z,2025-10-21T03:07:25.255591Z,1127.0,CIFH4XG1,12247,English,43,Female,White,United States,United States,United States,English,No,Full-Time
answer,68f6f485708d28eaa5fcb84c,673feeafa80a279f5cc63e33,APPROVED,Not Applicable,2025-10-21T02:55:03.177000Z,2025-10-21T03:42:48.675000Z,2025-10-28T02:53:26.219000Z,2025-10-21T03:42:49.085503Z,2866.0,CIFH4XG1,4591,English,62,Female,White,United States,United States,United States,English,No,Full-Time
answer,68f6f48ae1da405e81113d1c,667d08e12ac1bcbdd829a936,APPROVED,Not Applicable,2025-10-21T02:48:46.793000Z,2025-10-21T02:57:28.530000Z,2025-10-28T02:53:20.991000Z,2025-10-21T02:57:28.900840Z,522.0,CIFH4XG1,3063,English,21,Female,Asian,United States,United States,United States,English,DATA_EXPIRED,DATA_EXPIRED
answer,68f6f9fa753bf53c401d3043,5d49a0b751695e0001a188a8,APPROVED,Not Applicable,2025-10-21T03:12:06.719000Z,2025-10-21T03:23:32.051000Z,2025-10-28T02:53:28.031000Z,2025-10-21T03:23:32.415372Z,686.0,CIFH4XG1.,11482,English,61,Female,White,United States,United States,United States,English,DATA_EXPIRED,DATA_EXPIRED
answer,690680a0d15e41551cbb60ef,6701580c116225812fb34d99,APPROVED,Not Applicable,2025-11-01T21:50:26.948000Z,2025-11-01T22:03:18.554000Z,2025-11-04T02:45:00.001000Z,2025-11-01T22:03:18.957841Z,772.0,CIFH4XG1,129,English,38,Female,Mixed,United States,United States,United States,English,No,"Not in paid work (e.g. homemaker', 'retired or disabled)"
answer,690680a2bb7538b94cddae95,65c10d8000af1af81e3f42ec,APPROVED,Not Applicable,2025-11-01T21:59:10.310000Z,2025-11-01T22:27:14.968000Z,2025-11-04T02:44:52.102000Z,2025-11-01T22:27:15.343645Z,1685.0,CIFH4XG1,2045,English,37,Female,Black,United States,United States,United States,English,No,Part-Time
answer,6906810bdda29852d635d1de,627121bbdd4e39bcc0a0079f,APPROVED,Not Applicable,2025-11-01T21:52:15.925000Z,2025-11-01T22:01:23.610000Z,2025-11-14T21:17:28.924000Z,2025-11-01T22:01:24.035695Z,548.0,CIFH4XG1.,2235,English,47,Female,White,United States,United States,United States,English,No,Part-Time
answer,69068113ee866f3da046f840,67a60aab3179b5e743db2a2b,APPROVED,Not Applicable,2025-11-01T21:52:24.034000Z,2025-11-01T22:24:56.033000Z,2025-11-04T02:44:47.202000Z,2025-11-01T22:24:56.433213Z,1952.0,CIFH4XG1,2386,English,67,Male,White,United States,United States,United States,English,No,Full-Time
answer,69068184dcf36a4f4e676182,6678a6336d90a3a9973585c3,APPROVED,Not Applicable,2025-11-01T21:54:25.510000Z,2025-11-01T22:33:23.265000Z,2025-11-04T02:44:48.696000Z,2025-11-01T22:33:23.657907Z,2338.0,CIFH4XG1,2504,English,32,Male,White,United States,United States,United States,English,No,Full-Time
answer,6906820f03a8c01d9c40ebfd,66e12593ddd5a01785c4e288,APPROVED,Not Applicable,2025-11-01T21:56:31.958000Z,2025-11-01T22:21:10.575000Z,2025-11-04T02:44:49.921000Z,2025-11-01T22:21:10.953655Z,1479.0,CIFH4XG1,3853,English,20,Male,Mixed,United States,United States,United States,English,DATA_EXPIRED,DATA_EXPIRED
answer,6906824795f6123966d1ec3c,644bc265cb8a19eab3311bab,APPROVED,Not Applicable,2025-11-01T21:57:31.391000Z,2025-11-01T22:35:26.703000Z,2025-11-04T02:44:51.154000Z,2025-11-01T22:35:27.077114Z,2276.0,CIFH4XG1,4398,English,52,Female,White,United States,United States,United States,English,DATA_EXPIRED,DATA_EXPIRED
answer,690683be59aadae7f1969fdf,651090beae417ded35c4ef2f,APPROVED,Not Applicable,2025-11-01T22:03:42.318000Z,2025-11-01T22:29:16.821000Z,2025-11-04T02:44:53.041000Z,2025-11-01T22:29:17.239454Z,1535.0,CIFH4XG1,5548,English,73,Female,White,United States,United States,United States,English,DATA_EXPIRED,DATA_EXPIRED
answer,690686e95030b2e4ff8cd87d,6748f8e31516667cc3eb71e8,APPROVED,Not Applicable,2025-11-01T22:17:19.607000Z,2025-11-01T22:38:45.605000Z,2025-11-04T02:44:54.023000Z,2025-11-01T22:38:45.965087Z,1286.0,CIFH4XG1,709,English,36,Male,White,United States,United States,United States,English,Yes,DATA_EXPIRED
answer,690969a40e89bb0c3b73810b,66a6bbb40b48d0e4f326767e,APPROVED,Not Applicable,2025-11-04T02:49:26.927000Z,2025-11-04T03:09:55.168000Z,2025-11-14T21:17:40.098000Z,2025-11-04T03:09:55.576017Z,1229.0,CIFH4XG1,3724,English,33,Male,White,United States,United States,United States,English,Yes,Full-Time
answer,690969a5482635c595d6ea68,672d127c0844b35fabc0dae8,APPROVED,Not Applicable,2025-11-04T02:49:19.318000Z,2025-11-04T03:00:03.278000Z,2025-11-14T21:17:32.141000Z,2025-11-04T03:00:03.647123Z,644.0,CIFH4XG1,1898,English,25,Male,White,United States,United States,United States,English,Yes,Part-Time
answer,690969a743768a0399595387,672bc3ce315f709fe35a3392,APPROVED,Not Applicable,2025-11-04T02:49:14.768000Z,2025-11-04T02:57:30.828000Z,2025-11-14T21:17:30.825000Z,2025-11-04T02:57:31.222130Z,497.0,CIFH4XG1,1731,English,52,Male,White,United States,United States,United States,English,No,Part-Time
answer,690969a7f2838f7656334299,66ccdd9f6b12c6ea6fa01f42,APPROVED,Not Applicable,2025-11-04T02:49:15.480000Z,2025-11-04T03:14:18.052000Z,2025-11-14T21:17:12.699000Z,2025-11-04T03:14:18.463195Z,1503.0,CIFH4XG1,4705,English,33,Male,White,United States,United States,Germany,English,DATA_EXPIRED,Full-Time
answer,690969a84c34ede18d606b87,55bd8669fdf99b5bfc7d4cfc,APPROVED,Not Applicable,2025-11-04T02:49:18.443000Z,2025-11-04T03:35:12.532000Z,2025-11-14T21:17:15.674000Z,2025-11-04T03:35:12.943064Z,2755.0,CIFH4XG1,10756,English,32,Male,Black,United States,United States,United States,English,DATA_EXPIRED,DATA_EXPIRED
answer,690969a8be20f0ea1cecf499,66cee9fa0061a677d1b1f385,APPROVED,Not Applicable,2025-11-04T02:49:53.533000Z,2025-11-04T03:04:00.091000Z,2025-11-14T21:18:02.643000Z,2025-11-04T03:04:00.506463Z,847.0,CIFH4XG1,1036,English,43,Female,White,United States,United States,United States,English,No,"Not in paid work (e.g. homemaker', 'retired or disabled)"
answer,690969aa25ee2b538fe5d098,6781935f0fbff63cc8eb3595,APPROVED,Not Applicable,2025-11-04T02:50:53.586000Z,2025-11-04T03:24:34.691000Z,2025-11-14T21:18:02.893000Z,2025-11-04T03:24:35.099926Z,2022.0,CIFH4XG1,2366,English,45,Male,Other,United States,United States,United States,Spanish,No,Full-Time
answer,690969ab25ee2b538fe5d09a,5b16e1a5457ace0001b40d46,APPROVED,Not Applicable,2025-11-04T02:49:18.820000Z,2025-11-04T03:13:40.298000Z,2025-11-14T21:17:14.094000Z,2025-11-04T03:13:40.697445Z,1462.0,CIFH4XG1,8694,"Indonesian, English",45,Female,Asian,Indonesia,United States,United States,Indonesian,DATA_EXPIRED,DATA_EXPIRED
answer,690969ab440c102cdc3ee5ce,660dfb0b513cd3c8af03656e,APPROVED,Not Applicable,2025-11-04T02:49:21.003000Z,2025-11-04T02:57:10.732000Z,2025-11-14T21:17:17.175000Z,2025-11-04T02:57:11.157221Z,470.0,CIFH4XG1,3848,English,44,Female,White,United States,United States,United States,English,No,Full-Time
answer,690969af1be661d6374924d6,644a53ac09de69785b70ec16,APPROVED,Not Applicable,2025-11-04T02:49:24.014000Z,2025-11-04T03:18:32.216000Z,2025-11-14T21:17:21.562000Z,2025-11-04T03:18:32.597098Z,1749.0,CIFH4XG1,2854,English,62,Female,White,United States,United States,United States,English,DATA_EXPIRED,DATA_EXPIRED
answer,690969b04bb661aac274d24a,60fd6618f9a377f54dcdf318,APPROVED,Not Applicable,2025-11-04T02:49:23.324000Z,2025-11-04T03:14:35.380000Z,2025-11-14T21:17:20.384000Z,2025-11-04T03:14:35.769471Z,1513.0,CIFH4XG1,18208,English,39,Male,Mixed,United States,United States,United States,English,Yes,Full-Time
answer,690969b0ecffa09d3a4683e0,61647de75314468d5cb57f93,APPROVED,Not Applicable,2025-11-04T02:49:25.911000Z,2025-11-04T03:12:09.404000Z,2025-11-14T21:17:33.376000Z,2025-11-04T03:12:09.805637Z,1364.0,CIFH4XG1,3082,English,27,Male,White,United States,United States,United States,English,No,Unemployed (and job seeking)
answer,690969b1b1056ae5914a3883,5d849ee0a954540019f513dd,APPROVED,Not Applicable,2025-11-04T02:49:25.918000Z,2025-11-04T03:11:59.277000Z,2025-11-14T21:17:35.469000Z,2025-11-04T03:11:59.643376Z,1354.0,CIFH4XG1,8620,English,36,Female,White,United States,United States,United States,English,DATA_EXPIRED,Full-Time
answer,690969b1d8693e10a9e36ae6,5e916cb9e502b1498e8fc059,APPROVED,Not Applicable,2025-11-04T02:49:26.061000Z,2025-11-04T03:06:58.470000Z,2025-11-14T21:17:36.776000Z,2025-11-04T03:06:58.838736Z,1053.0,CIFH4XG1,5702,English,61,Male,White,United States,United States,United States,English,No,Full-Time
answer,690969b225435be9f6dc873d,665b7b047373d8da553237a6,APPROVED,Not Applicable,2025-11-04T02:49:21.994000Z,2025-11-04T03:08:08.603000Z,2025-11-14T21:17:19.133000Z,2025-11-04T03:08:09.001885Z,1127.0,CIFH4XG1,5823,"English, Cantonese",25,Male,Asian,United States,United States,United States,English,No,Unemployed (and job seeking)
answer,690969b22bdce115d9c81b47,657e2b6843cb49c64a6cb939,APPROVED,Not Applicable,2025-11-04T02:49:27.782000Z,2025-11-04T03:01:31.242000Z,2025-11-14T21:18:03.140000Z,2025-11-04T03:01:31.687561Z,724.0,CIFH4XG1,2655,English,56,Male,White,United States,United States,United States,English,No,"Not in paid work (e.g. homemaker', 'retired or disabled)"
answer,690969b2fdf5cb8b3f7d081a,650b03136ab3d4c832d98b71,APPROVED,Not Applicable,2025-11-04T02:53:02.527000Z,2025-11-04T03:19:00.760000Z,2025-11-14T21:18:03.423000Z,2025-11-04T03:19:01.175844Z,1559.0,CIFH4XG1,11213,English,31,Male,Other,Israel,United States,United States,Hebrew,No,Part-Time
answer,690969b495987d288a841285,683cbc0c0c2d722831c8bc17,APPROVED,Not Applicable,2025-11-04T02:49:47.001000Z,2025-11-04T03:14:24.157000Z,2025-11-14T21:18:03.691000Z,2025-11-04T03:14:24.539313Z,1478.0,CIFH4XG1,464,English,49,Female,White,United States,United States,United States,English,No,Part-Time
answer,690969b4a2e7e04ac08a7178,5f4d296913fe2f98d46f520c,APPROVED,Not Applicable,2025-11-04T02:49:27.505000Z,2025-11-04T02:57:37.225000Z,2025-11-14T21:18:03.908000Z,2025-11-04T02:57:37.617694Z,490.0,CIFH4XG1,572,English,24,Female,Black,United States,United States,United States,English,Yes,Full-Time
answer,690969b589c5c1948db602f5,668ddcae66b7fcec2f492fd0,APPROVED,Not Applicable,2025-11-04T02:49:30.119000Z,2025-11-04T03:00:06.840000Z,2025-11-14T21:18:04.136000Z,2025-11-04T03:00:07.238341Z,637.0,CIFH4XG1,2469,English,50,Male,White,United States,United States,United States,English,No,Full-Time
answer,690969b5f921b6532c4f99cd,6711938cdab75bc0f20337b5,APPROVED,Not Applicable,2025-11-04T02:50:32.639000Z,2025-11-04T03:15:18.177000Z,2025-11-14T21:18:04.364000Z,2025-11-04T03:15:18.558624Z,1486.0,CIFH4XG1,416,English,25,Female,Black,United States,United States,United States,English,DATA_EXPIRED,DATA_EXPIRED
answer,690969b61783462191961081,67cdf158555dc24e9c13714a,APPROVED,Not Applicable,2025-11-04T02:51:36.711000Z,2025-11-04T03:32:17.273000Z,2025-11-14T21:18:04.604000Z,2025-11-04T03:32:17.651950Z,2441.0,CIFH4XG1,3004,English,28,Male,White,United States,United States,United States,English,No,Full-Time
answer,690969b6fd2625bf10352d3d,66c019586569ea36287bd523,APPROVED,Not Applicable,2025-11-04T02:49:29.806000Z,2025-11-04T03:00:55.622000Z,2025-11-14T21:18:04.835000Z,2025-11-04T03:00:56.031043Z,686.0,CIFH4XG1,582,English,41,Female,White,United States,United States,United States,English,No,Full-Time
answer,690969b768b824f0fd539ba2,5ebb96b6cd673a0008ace9ce,APPROVED,Not Applicable,2025-11-04T02:49:27.980000Z,2025-11-04T03:12:15.975000Z,2025-11-14T21:18:05.048000Z,2025-11-04T03:12:16.366102Z,1368.0,CIFH4XG1,7400,English,28,Male,Asian,United States,United States,United States,Bengali,Yes,Other
answer,690969b86d2f7cca0651c530,5d90298097a2130015f3fa3c,APPROVED,Not Applicable,2025-11-04T02:49:32.446000Z,2025-11-04T03:03:45.508000Z,2025-11-14T21:18:05.251000Z,2025-11-04T03:03:45.987915Z,854.0,CIFH4XG1,3222,English,34,Male,White,United States,United States,United States,English,No,Full-Time
answer,690969b8a4204defcd5ae156,6744fb5c6a8a3d8e3f531da3,APPROVED,Not Applicable,2025-11-04T02:49:34.007000Z,2025-11-04T03:03:32.254000Z,2025-11-14T21:18:05.488000Z,2025-11-04T03:03:32.760117Z,839.0,CIFH4XG1,3375,English,43,Male,White,United States,United States,United States,English,Yes,Full-Time
answer,69096a53cdea08bff3ae4810,62c63362e7342ad8be294866,APPROVED,Not Applicable,2025-11-04T02:52:09.094000Z,2025-11-04T03:26:49.328000Z,2025-11-14T21:18:05.815000Z,2025-11-04T03:26:49.771359Z,2081.0,CIFH4XG1,5144,English,45,Male,White,United States,United States,United States,English,No,Full-Time
answer,69096b45ce6a65ee45e75c94,5de7d7a6603b1b73f3944f8e,APPROVED,Not Applicable,2025-11-04T02:56:10.927000Z,2025-11-04T03:32:48.603000Z,2025-11-14T21:18:06.152000Z,2025-11-04T03:32:49.004728Z,2198.0,CIFH4XG1,9128,English,39,Male,White,United States,United States,United States,English,No,Full-Time
answer,69096ba97a0ba2540b6ead39,66ba9cd5343e159bdc8691ad,APPROVED,Not Applicable,2025-11-04T02:57:49.586000Z,2025-11-04T03:17:57.261000Z,2025-11-14T21:18:06.383000Z,2025-11-04T03:17:57.657439Z,1208.0,CIFH4XG1,814,English,23,Male,White,United States,United States,United States,English,No,Full-Time
answer,69096cc5a45792f926d66c6f,653f2424042d03012eb92ef5,APPROVED,Not Applicable,2025-11-04T03:04:41.879000Z,2025-11-04T03:31:21.556000Z,2025-11-14T21:18:06.631000Z,2025-11-04T03:31:21.932091Z,1600.0,CIFH4XG1,4925,English,68,Female,White,United States,United States,United States,English,No,Full-Time
answer,690971b4dbe61a4e247e71e4,664c4e829445321c23a8de52,APPROVED,Not Applicable,2025-11-04T03:23:38.687000Z,2025-11-04T03:51:21.587000Z,2025-11-14T21:18:06.861000Z,2025-11-04T03:51:22.178982Z,1663.0,CIFH4XG1,2499,English,46,Male,DATA_EXPIRED,United States,United States,United States,English,DATA_EXPIRED,DATA_EXPIRED
answer,69179cb4aca48018f3829702,67a8bfb2f846cd3ea9bcd898,APPROVED,Not Applicable,2025-11-14T21:18:51.642000Z,2025-11-14T21:39:39.931000Z,2025-11-16T14:23:23.882000Z,2025-11-14T21:39:40.314750Z,1249.0,CIFH4XG1,2525,English,29,Female,Black,United States,United States,United States,English,Yes,Full-Time
answer,69179cb66a73e2c8a9de43f5,673e5a3412198a5e62837745,APPROVED,Not Applicable,2025-11-14T21:18:54.080000Z,2025-11-14T21:42:38.065000Z,2025-11-16T14:23:28.295000Z,2025-11-14T21:42:39.188783Z,1424.0,CIFH4XG1,1892,English,33,Male,White,United States,United States,United States,English,DATA_EXPIRED,DATA_EXPIRED
answer,69179cb858dd90d189733756,5d654282986878001c2a5db7,APPROVED,Not Applicable,2025-11-14T21:18:51.748000Z,2025-11-14T21:51:57.324000Z,2025-11-16T14:23:26.196000Z,2025-11-14T21:51:57.719779Z,1986.0,CIFH4XG1,8160,"English, Hebrew",43,Female,White,United States,United States,United States,English,No,Full-Time
answer,6917b124b18706a254042279,67fd8520a5dcf6eaa319fc52,APPROVED,Not Applicable,2025-11-14T22:46:01.128000Z,2025-11-14T22:57:58.810000Z,2025-11-16T14:23:30.500000Z,2025-11-14T22:57:59.242917Z,718.0,CIFH4XG1,1038,English,67,Female,White,United States,United States,United States,English,No,"Not in paid work (e.g. homemaker', 'retired or disabled)"
answer,6917b126ffbf114aa4aedbaa,5d58b018a0c0940001a47057,APPROVED,Not Applicable,2025-11-14T22:46:10.626000Z,2025-11-14T23:02:25.265000Z,2025-11-16T14:23:32.645000Z,2025-11-14T23:02:25.929291Z,975.0,CIFH4XG1,3293,English,51,Female,White,United States,United States,United States,English,No,Part-Time
reasoning,68f470a02a59e74fa45a0622,66f63aeba07bb69cb2f44c32,approved,Not Applicable,2025-10-19T05:01:23.944000Z,2025-10-19T05:21:45.859000Z,2025-11-01T21:46:03.183000Z,2025-10-19T05:21:47.383879Z,1222.0,CIFH4XG1,3959,English,33,Male,White,United States,United States,United States,English,No,Full-Time
reasoning,68f470a3a95f5f4f7cd91274,6722b6b9cb69415ce7f4c688,approved,Not Applicable,2025-10-19T05:01:23.780000Z,2025-10-19T05:33:45.701000Z,2025-11-01T21:46:01.718000Z,2025-10-19T05:33:46.757917Z,1942.0,CIFH4XG1,2112,English,42,Male,White,Spain,United States,United States,Spanish,No,Full-Time
reasoning,68f4710b34485588daa2cd00,66a2812744e8026f80ef0879,approved,Not Applicable,2025-10-19T05:03:07.330000Z,2025-10-19T06:00:43.297000Z,2025-11-01T21:46:06.742000Z,2025-10-19T06:00:43.795401Z,3456.0,CIFH4XG1,4138,English,54,Male,White,United States,United States,United States,English,No,DATA_EXPIRED
reasoning,68f473ac0ef61d69dec91929,66ede43c37f73f556e9cdf22,approved,Not Applicable,2025-10-19T05:14:25.237000Z,2025-10-19T05:46:12.936000Z,2025-11-01T21:46:05.166000Z,2025-10-19T05:46:13.333711Z,1908.0,CIFH4XG1,265,English,25,Female,Mixed,United States,United States,United States,English,DATA_EXPIRED,DATA_EXPIRED
reasoning,68f47c45abfe99efcd25b6e0,628f9cfbee6de7cc7322fecf,approved,Not Applicable,2025-10-19T05:51:41.030000Z,2025-10-19T06:34:57.809000Z,2025-11-01T21:46:08.516000Z,2025-10-19T06:34:59.793682Z,2597.0,CIFH4XG1,9169,English,31,Male,Other,United States,United States,United States,English,DATA_EXPIRED,DATA_EXPIRED
reasoning,690680369a94f0b4822cb85f,66fdd6ecd96e23c98cf47a4a,approved,Not Applicable,2025-11-01T21:49:03.817000Z,2025-11-01T22:37:07.898000Z,2025-11-04T02:45:17.912000Z,2025-11-01T22:37:08.360079Z,2885.0,CIFH4XG1,1151,English,37,Female,White,United States,United States,United States,English,No,Full-Time
reasoning,6906808b07049d2d50c567a3,5e4b793f03c92a08a6d28e3f,approved,Not Applicable,2025-11-01T21:50:09.045000Z,2025-11-01T22:39:46.689000Z,2025-11-04T02:45:19.628000Z,2025-11-01T22:39:47.071667Z,2978.0,CIFH4XG1,2702,English,26,Male,Asian,United States,United States,United States,English,No,Part-Time
reasoning,6906813a3cc1fd3b65a2024d,66e4c4358de330a06b4d33f1,approved,Not Applicable,2025-11-01T21:53:02.350000Z,2025-11-01T22:30:04.563000Z,2025-11-04T02:45:20.740000Z,2025-11-01T22:30:04.949260Z,2223.0,CIFH4XG1,1885,English,80,Male,White,United States,United States,United States,English,No,"Not in paid work (e.g. homemaker', 'retired or disabled)"
reasoning,6906816275d1d6da4f45dada,583b397f54686200010f1d20,approved,Not Applicable,2025-11-01T21:53:41.177000Z,2025-11-01T22:56:23.454000Z,2025-11-04T02:45:21.680000Z,2025-11-01T22:56:23.997767Z,3763.0,CIFH4XG1,15626,English,53,Female,Black,United States,United States,United States,English,No,Full-Time
reasoning,690682715d8f06ee4f378d14,582474a8aac01b0001e45ef9,approved,Not Applicable,2025-11-01T21:58:14.219000Z,2025-11-01T22:47:07.036000Z,2025-11-04T02:45:22.556000Z,2025-11-01T22:47:07.400043Z,2933.0,CIFH4XG1,3155,English,47,Male,White,United States,United States,United States,English,No,Full-Time
reasoning,69068290f1c34ac46fe0730b,65bfa2967c731d263eb29732,approved,Not Applicable,2025-11-01T21:58:51.277000Z,2025-11-01T22:33:24.796000Z,2025-11-04T02:45:23.437000Z,2025-11-01T22:33:25.181621Z,2074.0,CIFH4XG1,2068,English,29,Female,White,United States,United States,United States,English,No,DATA_EXPIRED
reasoning,6906842e1bd6ac0ecbb6bc5d,67d8a842726644308266e91f,approved,Not Applicable,2025-11-01T22:05:49.267000Z,2025-11-01T22:30:59.895000Z,2025-11-04T02:45:24.212000Z,2025-11-01T22:31:00.301747Z,1511.0,CIFH4XG1,1326,English,72,Female,White,United States,United States,United States,English,DATA_EXPIRED,Full-Time
reasoning,690684527182360e90d4f096,67edb75b0744561f1cf6ff9d,approved,Not Applicable,2025-11-01T22:06:10.986000Z,2025-11-01T22:26:14.381000Z,2025-11-04T02:45:24.920000Z,2025-11-01T22:26:14.815181Z,1204.0,CIFH4XG1,2537,English,51,Female,White,United States,United States,Italy,English,No,Part-Time
reasoning,6906845d5417e26184a65272,67e5ebfad8af26b1bb60e460,approved,Not Applicable,2025-11-01T22:06:21.672000Z,2025-11-01T22:27:13.221000Z,2025-11-04T02:45:25.543000Z,2025-11-01T22:27:13.619450Z,1252.0,CIFH4XG1,816,English,75,Female,White,United States,United States,United States,English,DATA_EXPIRED,DATA_EXPIRED
reasoning,69068472680c1f2780d379c4,65e4124826438fd6dc97bd7e,approved,Not Applicable,2025-11-01T22:06:54.868000Z,2025-11-01T22:29:29.918000Z,2025-11-04T02:45:27.642000Z,2025-11-01T22:29:30.354814Z,1356.0,CIFH4XG1,2044,English,28,Male,Black,United States,United States,United States,English,DATA_EXPIRED,DATA_EXPIRED
reasoning,6909694066caffcc12274c08,63474e67a5fd298c6103c409,approved,Not Applicable,2025-11-04T02:47:33.146000Z,2025-11-04T03:54:15.863000Z,2025-11-08T05:02:24.245000Z,2025-11-04T03:54:16.267626Z,4003.0,CIFH4XG1,5465,English,33,Male,White,United States,United States,United States,English,DATA_EXPIRED,DATA_EXPIRED
reasoning,69096947215d37eb3d73e20c,607778a26ff3de83125f50c5,approved,Not Applicable,2025-11-04T02:47:38.554000Z,2025-11-04T03:13:45.637000Z,2025-11-04T03:16:08.366000Z,2025-11-04T03:13:46.391113Z,1568.0,CIFH4XG1,6176,English,39,Male,Asian,India,United States,United States,English,No,Part-Time
reasoning,69096979482635c595d6ea66,5ae12548dee8590001b08925,approved,Not Applicable,2025-11-04T02:48:30.449000Z,2025-11-04T03:13:53.505000Z,2025-11-04T03:16:09.912000Z,2025-11-04T03:13:53.866440Z,1524.0,CIFH4XG1,1001,English,50,Female,Black,United States,United States,United States,English,No,Due to start a new job within the next month
reasoning,690969b054b4829b9d67049b,61686f8376bd6ff59ea15479,approved,Not Applicable,2025-11-04T02:49:27.548000Z,2025-11-04T03:22:06.517000Z,2025-11-08T05:02:26.979000Z,2025-11-04T03:22:06.909983Z,1959.0,CIFH4XG1,7348,English,41,Male,Asian,Korea,United States,United States,English,No,Full-Time
reasoning,690969c2632f1607a1b9bf5e,663140c398e19ff9b77d4663,approved,Not Applicable,2025-11-04T02:49:41.517000Z,2025-11-04T03:17:32.294000Z,2025-11-08T05:02:40.816000Z,2025-11-04T03:17:32.681872Z,1671.0,CIFH4XG1,4928,English,34,Female,Asian,United States,United States,United States,English,No,Full-Time
reasoning,690969c46d8ab6c943b53a09,5ac5260dfa3b4e0001736dd3,approved,Not Applicable,2025-11-04T02:49:57.209000Z,2025-11-04T03:21:37.118000Z,2025-11-08T05:02:42.398000Z,2025-11-04T03:21:37.497254Z,1900.0,CIFH4XG1,2760,English,31,Male,White,United States,United States,Mexico,English,DATA_EXPIRED,DATA_EXPIRED
reasoning,690969d926b72a2bf3cab441,5dde8fba82f458000c8c7c75,approved,Not Applicable,2025-11-04T02:50:01.747000Z,2025-11-04T03:41:46.678000Z,2025-11-08T05:02:43.999000Z,2025-11-04T03:41:47.055225Z,3105.0,CIFH4XG1,9334,English,44,Male,White,United States,United States,United States,English,No,Full-Time
reasoning,690969dc25435be9f6dc8740,5e46aa20caec81000b7d4f93,approved,Not Applicable,2025-11-04T02:54:41.449000Z,2025-11-04T03:25:18.698000Z,2025-11-14T21:20:13.136000Z,2025-11-04T03:25:19.111859Z,1838.0,CIFH4XG1,10092,English,49,Male,White,United States,United States,United States,English,No,Full-Time
reasoning,690969f817b61445e321158d,66a8f82143da40a6b126975e,approved,Not Applicable,2025-11-04T02:50:43.036000Z,2025-11-04T03:53:15.200000Z,2025-11-08T05:02:45.237000Z,2025-11-04T03:53:15.606310Z,3753.0,CIFH4XG1,5251,English,48,Male,Asian,China,United States,United States,Chinese,No,Full-Time
reasoning,69096a3856aff1248c12a439,66463e4efb99fba5a67a010a,approved,Not Applicable,2025-11-04T02:51:38.661000Z,2025-11-04T03:12:43.340000Z,2025-11-04T03:16:10.707000Z,2025-11-04T03:12:43.778410Z,1265.0,CIFH4XG1,4274,English,31,Male,Black,United States,United States,United States,English,No,Full-Time
reasoning,69096a3b9aa2b4a4b1f8688a,652e2bd923d23c34ce1e7734,approved,Not Applicable,2025-11-04T02:52:27.552000Z,2025-11-04T03:28:41.393000Z,2025-11-08T05:02:50.241000Z,2025-11-04T03:28:41.795972Z,2174.0,CIFH4XG1,1861,English,40,Female,White,United States,United States,United States,English,No,Full-Time
reasoning,69096a4b12987684e415904b,62c9ed717a2882d689eb27c1,approved,Not Applicable,2025-11-04T02:51:58.227000Z,2025-11-04T03:22:32.933000Z,2025-11-08T05:02:48.851000Z,2025-11-04T03:22:33.289210Z,1835.0,CIFH4XG1,2361,English,38,Female,White,Azerbaijan,United States,United States,Russian,No,Full-Time
reasoning,69096ab8b655afc90cc217c9,58c1ce3c3783090001b49355,approved,Not Applicable,2025-11-04T02:53:49.052000Z,2025-11-04T03:25:24.042000Z,2025-11-08T05:02:51.985000Z,2025-11-04T03:25:24.417135Z,1895.0,CIFH4XG1,11649,English,47,Female,White,United States,United States,United States,English,No,Full-Time
reasoning,69096abbfd0af85e897efd64,5ed91d3f31d9c60a8ac27018,approved,Not Applicable,2025-11-04T02:53:51.206000Z,2025-11-04T03:08:58.914000Z,2025-11-04T03:16:15.839000Z,2025-11-04T03:08:59.306103Z,908.0,CIFH4XG1,1257,English,28,Female,White,United States,United States,United States,English,No,DATA_EXPIRED
reasoning,69096b2fe949296b107fa421,54e32a60fdf99b3eae9de85b,approved,Not Applicable,2025-11-04T02:55:49.810000Z,2025-11-04T03:26:38.904000Z,2025-11-14T21:20:13.388000Z,2025-11-04T03:26:39.296976Z,1850.0,NOCODE,8079,English,41,Female,White,United States,United States,United States,English,No,Full-Time
reasoning,69096b754d3f1d05aaf4218e,672268205351c30413c9837e,approved,Not Applicable,2025-11-04T03:01:56.256000Z,2025-11-04T03:57:05.667000Z,2025-11-14T21:20:13.633000Z,2025-11-04T03:57:06.079875Z,3310.0,CIFH4XG1,5177,English,50,Female,Asian,Philippines,United States,United States,Tagalog-Filipino,No,"Not in paid work (e.g. homemaker', 'retired or disabled)"
reasoning,69096baaf142296108910a68,65c1220d6b274235bd3ea120,approved,Not Applicable,2025-11-04T02:58:01.118000Z,2025-11-04T03:08:30.194000Z,2025-11-14T21:20:13.867000Z,2025-11-04T03:08:30.567195Z,630.0,CIFH4XG1,261,English,34,Female,Black,United States,United States,United States,English,No,Full-Time
reasoning,69096bac317dfd04afd96544,673c90022c553e1b8f60a3af,approved,Not Applicable,2025-11-04T02:57:52.990000Z,2025-11-04T03:25:44.535000Z,2025-11-14T21:20:14.096000Z,2025-11-04T03:25:44.940934Z,1672.0,CIFH4XG1,806,English,27,Male,Other,United States,United States,United States,English,No,Unemployed (and job seeking)
reasoning,69096c7da050f8d4593e1a4f,67e07f19ee9c325f1bcaa026,approved,Not Applicable,2025-11-04T03:01:53.894000Z,2025-11-04T03:50:21.744000Z,2025-11-14T21:20:14.334000Z,2025-11-04T03:50:22.138258Z,2908.0,CIFH4XG1,1159,English,61,Male,White,United States,United States,United States,English,Yes,Full-Time
reasoning,69096c9fe519feca3e7420a1,67f224dfcaaa213111714560,approved,Not Applicable,2025-11-04T03:01:55.600000Z,2025-11-04T04:25:32.933000Z,2025-11-14T21:20:15.194000Z,2025-11-04T04:25:33.474813Z,5018.0,CIFH4XG1,2956,English,33,Male,White,United States,United States,United States,English,Yes,"Not in paid work (e.g. homemaker', 'retired or disabled)"
reasoning,69096cb887b2517ed1ca3bdf,67dca3ca8f388d1638a68ad9,approved,Not Applicable,2025-11-04T03:02:16.617000Z,2025-11-04T03:49:58.881000Z,2025-11-14T21:20:15.508000Z,2025-11-04T03:49:59.266294Z,2863.0,CIFH4XG1,575,English,63,Male,Black,United States,United States,United States,English,Yes,Full-Time
reasoning,69096d0ba4204defcd5ae17c,66afd624a26f73871dce55fe,approved,Not Applicable,2025-11-04T03:03:39.617000Z,2025-11-04T03:37:22.947000Z,2025-11-14T21:20:15.769000Z,2025-11-04T03:37:23.346109Z,2024.0,CIFH4XG1,1286,English,34,Female,Black,United States,United States,United States,English,DATA_EXPIRED,DATA_EXPIRED
reasoning,69096d0bd7954d37fbab2fcf,61363ce02e6022a741d63a6e,approved,Not Applicable,2025-11-04T03:03:43.123000Z,2025-11-04T03:14:47.542000Z,2025-11-14T21:20:16.070000Z,2025-11-04T03:14:48.016538Z,665.0,CIFH4XG1,4634,English,29,Male,White,United States,United States,United States,English,No,Full-Time
reasoning,69096d1073f617167d17af3d,67ef42807f408cca62ea4bb0,approved,Not Applicable,2025-11-04T03:03:44.341000Z,2025-11-04T03:46:26.198000Z,2025-11-14T21:20:16.374000Z,2025-11-04T03:46:26.614975Z,2562.0,CIFH4XG1,1551,English,46,Female,White,United States,United States,United States,English,DATA_EXPIRED,DATA_EXPIRED
reasoning,69096d14e7ed917cddfde989,668dc9c9cb393e15f3baf53e,approved,Not Applicable,2025-11-04T03:03:48.671000Z,2025-11-04T03:52:22.538000Z,2025-11-14T21:20:16.694000Z,2025-11-04T03:52:22.930012Z,2914.0,CIFH4XG1,1607,English,42,Female,White,United States,United States,United States,English,DATA_EXPIRED,DATA_EXPIRED
reasoning,69096e58632f1607a1b9bf8d,672ceecd4b982fd2123fa32f,approved,Not Applicable,2025-11-04T03:09:48.609000Z,2025-11-04T04:20:44.606000Z,2025-11-14T21:20:16.934000Z,2025-11-04T04:20:44.989106Z,4256.0,CIFH4XG1,1327,English,37,Male,DATA_EXPIRED,United States,United States,United States,English,DATA_EXPIRED,DATA_EXPIRED
reasoning,690970d6470995e643bd564a,5efe8c25e921d23a9daec079,approved,Not Applicable,2025-11-04T03:19:55.491000Z,2025-11-04T04:03:29.770000Z,2025-11-14T21:20:17.164000Z,2025-11-04T04:03:30.206181Z,2615.0,CIFH4XG1,2202,English,31,Female,Black,United States,United States,United States,English,Yes,Full-Time
reasoning,690970dc0b3d12d34b474b15,67f04718ef98a837eb7180bb,approved,Not Applicable,2025-11-04T03:19:56.491000Z,2025-11-04T04:03:44.739000Z,2025-11-14T21:20:17.439000Z,2025-11-04T04:03:45.174304Z,2629.0,CIFH4XG1,950,English,27,Female,Black,United States,United States,United States,English,DATA_EXPIRED,DATA_EXPIRED
reasoning,690970ddedbdac75cf11183d,67ef69e735fee402bbbbf23b,approved,Not Applicable,2025-11-04T03:19:57.032000Z,2025-11-04T04:02:15.936000Z,2025-11-14T21:20:17.679000Z,2025-11-04T04:02:16.300183Z,2539.0,CIFH4XG1,1332,English,45,Female,White,United States,United States,United States,English,DATA_EXPIRED,DATA_EXPIRED
reasoning,6909713a632f1607a1b9bfa2,67ef32ae3b9945398e55b406,approved,Not Applicable,2025-11-04T03:21:30.675000Z,2025-11-04T03:59:36.078000Z,2025-11-14T21:20:17.902000Z,2025-11-04T03:59:36.462376Z,2286.0,CIFH4XG1,1389,English,42,Male,White,United States,United States,United States,English,DATA_EXPIRED,DATA_EXPIRED
reasoning,69179d09e9a8b0fdeeebb78d,676d6b0a137e2c9c8e9fc347,approved,Not Applicable,2025-11-14T21:20:13.265000Z,2025-11-14T21:35:58.455000Z,2025-11-16T14:23:53.682000Z,2025-11-14T21:35:58.824647Z,946.0,CIFH4XG1,4359,English,64,Male,White,United States,United States,United States,English,No,Full-Time
reasoning,69179d0b331b7fd9ab6c8367,63617d0513b0cf392fd67e3e,approved,Not Applicable,2025-11-14T21:20:11.873000Z,2025-11-14T22:04:43.493000Z,2025-11-16T14:23:51.701000Z,2025-11-14T22:04:43.871929Z,2672.0,CIFH4XG1,2010,English,42,Female,Mixed,United States,United States,United States,English,No,DATA_EXPIRED
reasoning,69179d0bd80f508194833ff9,675df6122e621909f289e258,approved,Not Applicable,2025-11-14T21:20:53.082000Z,2025-11-14T21:39:50.285000Z,2025-11-16T14:23:57.828000Z,2025-11-14T21:39:50.656183Z,1138.0,CIFH4XG1,2286,English,41,Male,White,United States,United States,United States,English,No,Full-Time
reasoning,69179d0cb2d659dd11d55415,67246794a85893f571f01fcc,approved,Not Applicable,2025-11-14T21:20:32.538000Z,2025-11-14T21:40:11.718000Z,2025-11-16T14:23:55.837000Z,2025-11-14T21:40:12.165131Z,1180.0,CIFH4XG1,5094,English,29,Female,White,United States,United States,United States,English,No,Full-Time
reasoning,6917a9e752fbc7c08e5a3fdf,6712fc1608041fe311ca2221,approved,Not Applicable,2025-11-14T22:15:59.706000Z,2025-11-14T22:38:40.976000Z,2025-11-16T14:23:59.841000Z,2025-11-14T22:38:41.528503Z,1362.0,CIFH4XG1.,919,"English, Spanish",31,Female,White,United States,United States,United States,English,DATA_EXPIRED,DATA_EXPIRED
